"Participants","LinguisticStructure","Condition","ConditionEffectSize","StructureEffectSize"
50,0.00383,0.00063,0.1,0
60,0.0509,6e-04,0.1,0
70,0.52475,9e-05,0.1,0
80,0,0.00014,0.1,0
90,0.00693,0,0.1,0
100,0.00026,0,0.1,0
110,0,0.00012,0.1,0
120,0,0,0.1,0
130,0.0022,2e-05,0.1,0
140,1e-05,0,0.1,0
150,6e-05,0,0.1,0
